young,normal,true,true,false,hard
young,normal,true,true,false,hard
young,normal,true,true,false,hard
young,reduced,true,true,true,hard
young,reduced,true,true,true,hard
presbyopic,normal,false,false,true,none
presbyopic,normal,true,false,false,none
presbyopic,normal,true,false,false,none
presbyopic,normal,false,true,false,soft
presbyopic,reduced,true,true,true,hard
presbyopic,reduced,false,true,false,soft
presbyopic,reduced,false,true,false,soft
pre-presbyopic,normal,true,false,false,none
pre-presbyopic,normal,false,false,false,none
pre-presbyopic,normal,true,false,false,none
pre-presbyopic,normal,false,false,false,none
pre-presbyopic,reduced,false,false,false,none
pre-presbyopic,reduced,true,false,false,none
pre-presbyopic,reduced,true,false,true,soft
pre-presbyopic,reduced,true,false,true,soft
pre-presbyopic,reduced,false,false,false,soft
